date,tavg,tmin,tmax,prcp,snow,wdir,wspd,wpgt,pres,tsun
2021-01-01,2.7,1.5,5.7,15.2,,335.0,15.5,31.0,1008.6,
2021-01-02,1.3,0.5,2.7,0.8,,336.0,24.7,44.0,1010.1,
2021-01-03,0.7,-0.3,1.6,0.0,,327.0,17.1,38.9,1012.1,
2021-01-04,0.0,-1.0,1.1,0.0,,329.0,10.6,30.0,1011.4,
2021-01-05,0.8,-0.9,2.1,0.0,,338.0,6.2,30.0,1012.1,
2021-01-06,0.8,0.2,1.4,0.0,,324.0,8.0,21.0,1015.4,
2021-01-07,0.2,-1.6,2.5,0.0,,343.0,6.2,24.0,1017.1,
2021-01-08,0.3,-1.5,3.1,0.0,10.0,354.0,9.4,35.0,1017.6,
2021-01-09,-2.1,-3.1,0.3,0.0,,284.0,7.7,22.2,1018.0,
2021-01-10,-2.2,-5.3,0.3,0.0,,303.0,8.4,22.2,1019.7,
2021-01-11,-2.8,-4.9,-0.1,0.0,,329.0,9.0,24.1,1024.7,
2021-01-12,-0.5,-5.1,2.6,0.0,10.0,137.0,12.8,30.0,1024.9,
2021-01-13,4.4,1.6,5.6,15.5,,151.0,8.5,25.9,1023.6,
2021-01-14,6.2,5.0,7.5,9.9,,172.0,10.9,28.0,1021.8,
2021-01-15,3.6,0.5,7.2,6.1,,319.0,18.7,42.0,1022.0,
2021-01-16,-0.2,-1.1,1.1,3.3,41.0,10.0,14.9,42.0,1028.7,
2021-01-17,1.3,-1.2,3.8,8.9,20.0,144.0,7.5,22.0,1025.0,
2021-01-18,0.8,-1.2,2.8,1.0,10.0,107.0,5.9,22.0,1030.0,
2021-01-19,2.8,-2.5,9.7,0.0,,147.0,14.6,41.0,1023.5,
2021-01-20,9.9,4.3,13.5,0.0,,162.0,30.6,83.0,1010.5,
2021-01-21,11.1,9.5,12.6,0.0,,191.0,38.3,83.3,1004.9,
2021-01-22,8.7,3.9,12.4,0.8,,181.0,18.4,63.0,998.0,
2021-01-23,5.0,2.0,7.4,18.3,,177.0,18.6,65.0,1001.9,
2021-01-24,3.3,-0.2,6.6,0.0,,283.0,13.7,37.0,1004.8,
2021-01-25,3.1,0.7,5.4,0.3,,247.0,10.6,35.0,1009.8,
2021-01-26,1.4,-2.3,5.0,0.0,,337.0,8.7,31.0,1024.0,
2021-01-27,3.2,0.5,5.6,0.0,,140.0,9.2,24.0,1020.6,
2021-01-28,7.8,3.8,10.5,6.1,,153.0,11.6,31.5,1016.4,
2021-01-29,11.6,7.9,15.0,9.9,,230.0,16.0,46.0,1011.7,
2021-01-30,7.2,6.1,11.3,0.0,,133.0,11.0,25.9,1004.2,
2021-01-31,8.4,4.6,12.5,7.9,,144.0,10.3,29.6,999.4,
2021-02-01,9.7,8.9,11.3,1.3,,183.0,15.3,46.0,998.9,
2021-02-02,10.8,8.6,13.7,14.5,,155.0,14.5,35.0,1010.4,
2021-02-03,12.8,10.7,15.7,2.5,,189.0,21.9,76.0,1009.5,
2021-02-04,8.1,4.3,12.9,5.1,,146.0,6.8,50.0,1014.2,
2021-02-05,11.4,8.2,15.0,0.0,,137.0,14.2,48.0,1011.5,
2021-02-06,11.8,9.8,15.2,0.0,,130.0,16.1,46.3,1002.8,
2021-02-07,7.6,4.8,14.1,2.5,,220.0,15.1,41.0,1000.5,
2021-02-08,6.0,3.3,9.3,1.5,,163.0,10.5,37.0,997.8,
2021-02-09,4.2,1.5,8.1,0.5,,41.0,8.3,30.0,1001.0,
2021-02-10,5.7,0.0,10.8,4.6,,267.0,14.3,37.0,1004.5,
2021-02-11,0.1,-2.0,2.0,0.0,,352.0,14.6,27.8,1020.3,
2021-02-12,-1.4,-3.0,0.0,5.3,,348.0,12.0,26.0,1020.5,
2021-02-13,-1.8,-4.6,-1.4,0.0,30.0,355.0,10.7,24.1,1028.7,
2021-02-14,1.0,-5.2,6.7,0.0,20.0,155.0,17.8,57.0,1034.7,
2021-02-15,6.1,3.5,8.5,0.0,,164.0,27.7,70.0,1033.7,
2021-02-16,9.2,5.6,12.0,0.0,,169.0,27.7,68.0,1024.8,
2021-02-17,8.6,3.4,14.2,0.0,,161.0,7.2,37.0,1023.1,
2021-02-18,10.1,4.6,13.1,0.0,,168.0,30.0,76.0,1018.0,
2021-02-19,11.1,9.4,15.0,0.0,,172.0,26.7,67.0,1019.3,
2021-02-20,12.6,10.0,17.0,0.0,,175.0,25.8,65.0,1018.3,
2021-02-21,12.5,7.9,18.3,0.0,,158.0,20.1,55.5,1016.9,
2021-02-22,14.2,8.3,19.5,0.0,,170.0,14.7,48.2,1021.0,
2021-02-23,14.4,9.2,19.4,0.0,,153.0,14.7,35.0,1033.4,
2021-02-24,14.7,10.4,20.6,0.0,,147.0,18.7,52.0,1033.1,
2021-02-25,14.3,9.5,20.6,0.0,,149.0,19.5,41.0,1029.8,
2021-02-26,10.4,4.8,16.3,0.0,,359.0,14.8,42.0,1031.1,
2021-02-27,7.4,4.5,13.1,0.3,,333.0,23.4,48.0,1029.5,
2021-02-28,6.2,0.7,12.6,0.0,,306.0,4.8,22.2,1029.6,
2021-03-01,9.4,1.5,17.4,0.0,,144.0,8.1,21.0,1028.6,
2021-03-02,10.8,5.6,16.0,0.0,,147.0,16.6,42.0,1030.4,
2021-03-03,10.6,6.5,14.1,0.0,,146.0,11.8,30.0,1030.2,
2021-03-04,10.8,5.7,16.3,0.0,,169.0,6.8,65.0,1022.9,
2021-03-05,8.4,5.0,12.4,0.0,,329.0,18.0,37.0,1020.8,
2021-03-06,5.8,2.8,10.3,0.0,,358.0,8.3,24.1,1025.5,
2021-03-07,7.9,3.4,13.7,0.0,,299.0,6.2,37.0,1022.3,
2021-03-08,8.3,4.1,11.7,6.1,,330.0,14.4,35.0,1018.0,
2021-03-09,5.8,1.4,10.0,0.0,,349.0,15.6,46.0,1018.9,
2021-03-10,6.7,0.8,13.3,0.0,,23.0,7.1,22.2,1021.1,
2021-03-11,11.8,8.2,14.5,0.0,,184.0,21.1,61.1,1017.2,
2021-03-12,9.3,3.8,13.1,5.1,,242.0,6.8,29.6,1019.0,
2021-03-13,9.6,5.4,14.0,0.0,,186.0,21.0,63.0,1015.9,
2021-03-14,6.5,2.9,12.4,3.3,,301.0,14.4,44.5,1019.8,
2021-03-15,6.2,4.5,9.8,4.1,,245.0,13.4,55.0,1021.4,
2021-03-16,6.1,2.5,9.8,5.6,,3.0,14.4,52.0,1027.0,
2021-03-17,5.4,3.6,8.2,9.1,,357.0,19.4,50.0,1023.9,
2021-03-18,4.1,2.0,7.1,1.0,,348.0,24.3,46.0,1022.5,
2021-03-19,4.3,0.3,9.0,0.0,,349.0,20.8,57.0,1016.9,
2021-03-20,3.6,-0.5,7.3,0.0,,347.0,27.3,63.0,1022.5,
2021-03-21,4.6,-0.2,10.0,0.0,,352.0,29.7,68.0,1022.0,
2021-03-22,5.8,2.9,9.6,0.0,,347.0,31.6,65.0,1021.7,
2021-03-23,5.6,-0.2,12.2,0.0,,329.0,7.5,33.3,1025.1,
2021-03-24,9.2,2.2,17.2,0.0,,57.0,6.8,24.0,1024.6,
2021-03-25,9.9,2.9,17.0,0.0,,78.0,10.2,31.0,1023.5,
2021-03-26,11.1,4.9,17.4,5.4,,178.0,20.5,57.0,1021.1,
2021-03-27,9.5,5.5,13.9,5.1,,339.0,14.2,50.0,1028.7,
2021-03-28,9.5,1.6,17.2,0.0,,,,,,
2021-03-29,13.4,5.0,21.7,0.0,,158.0,9.4,26.0,1032.0,
2021-03-30,17.3,10.0,24.1,0.0,,161.0,12.3,31.0,1029.3,
2021-03-31,18.1,9.7,24.8,0.0,,165.0,12.4,35.0,1023.8,
2021-04-01,17.8,9.8,24.5,0.0,,168.0,12.6,27.8,1019.0,
2021-04-02,15.1,7.9,22.2,0.0,,337.0,14.4,44.5,1016.2,
2021-04-03,9.1,4.6,18.2,0.0,,343.0,29.7,57.4,1017.8,
2021-04-04,8.7,2.0,15.3,0.0,,319.0,10.1,39.0,1019.8,
2021-04-05,10.8,3.4,18.1,0.0,,314.0,10.1,42.0,1015.8,
2021-04-06,4.0,0.7,15.5,0.0,,349.0,31.6,50.0,1017.0,
2021-04-07,3.4,-0.6,7.1,0.0,,350.0,15.8,46.3,1024.0,
2021-04-08,6.9,-1.4,15.8,0.0,,166.0,7.8,24.1,1025.3,
2021-04-09,11.4,8.2,15.0,0.0,,185.0,35.0,64.8,1020.4,
2021-04-10,11.8,8.8,15.3,0.3,,180.0,22.1,51.8,1016.2,
2021-04-11,11.4,6.5,15.5,0.0,,195.0,22.5,48.2,1013.2,
2021-04-12,6.2,3.7,9.7,22.6,,351.0,24.3,51.8,1026.0,
2021-04-13,6.5,0.3,12.1,0.0,,351.0,21.4,52.0,1027.6,
2021-04-14,5.8,-0.4,12.1,0.0,,327.0,14.5,41.0,1025.1,
2021-04-15,6.0,0.1,11.6,0.0,,343.0,15.5,44.0,1023.1,
2021-04-16,5.7,0.1,10.6,0.0,,335.0,15.5,54.0,1020.5,
2021-04-17,7.1,0.5,13.5,0.0,,335.0,18.9,46.0,1019.3,
2021-04-18,8.3,3.4,12.5,0.0,,343.0,16.6,52.0,1019.5,
2021-04-19,10.3,4.2,16.1,0.0,,349.0,10.4,27.8,1018.8,
2021-04-20,11.6,4.1,18.3,0.0,,329.0,5.6,24.1,1015.6,
2021-04-21,12.3,9.1,16.1,0.0,,160.0,10.1,24.1,1016.1,
2021-04-22,13.6,7.4,20.2,1.3,,6.0,9.8,31.5,1018.5,
2021-04-23,13.5,6.1,20.4,0.0,,311.0,6.9,27.8,1021.5,
2021-04-24,16.5,7.3,23.8,0.0,,180.0,10.1,31.5,1020.1,
2021-04-25,17.0,10.6,22.5,0.0,,197.0,9.0,35.2,1016.3,
2021-04-26,14.4,11.7,19.5,1.5,,331.0,7.5,24.1,1010.3,
2021-04-27,15.8,11.3,21.4,0.3,,323.0,6.7,28.0,1004.8,
2021-04-28,13.9,12.5,19.3,0.0,,181.0,24.5,67.0,1005.1,
2021-04-29,12.3,10.3,15.9,3.6,,73.0,8.2,29.6,1008.7,
2021-04-30,9.2,7.9,12.1,2.0,,341.0,8.8,30.0,1011.8,
2021-05-01,8.7,7.8,9.7,19.3,,330.0,10.9,31.5,1011.9,
2021-05-02,9.7,7.1,14.8,10.9,,341.0,9.2,27.8,1018.8,
2021-05-03,10.6,3.0,16.4,0.0,,4.0,6.2,18.5,1022.1,
2021-05-04,14.9,7.2,20.5,0.0,,185.0,16.3,53.7,1014.9,
2021-05-05,12.4,8.7,18.4,3.0,,297.0,13.4,48.2,1013.9,
2021-05-06,11.6,6.7,15.7,0.5,,173.0,13.9,42.6,1013.2,
2021-05-07,13.0,10.9,15.2,10.7,,19.0,11.6,27.8,1016.8,
2021-05-08,16.8,7.9,25.0,0.8,,169.0,19.0,48.2,1016.3,
2021-05-09,20.8,15.5,26.1,0.0,,178.0,26.8,68.5,1009.1,
2021-05-10,14.2,11.0,23.6,0.0,,185.0,18.5,68.5,1008.6,
2021-05-11,11.9,9.8,16.2,103.4,,181.0,12.4,50.0,1011.9,
2021-05-12,13.2,7.5,18.3,1.5,,328.0,6.5,26.0,1013.7,
2021-05-13,12.5,9.5,16.5,0.5,,126.0,9.8,39.0,1011.3,
2021-05-14,12.5,9.3,16.5,11.4,,21.0,7.9,39.0,1011.7,
2021-05-15,11.6,10.5,14.9,0.5,,173.0,16.4,48.0,1011.5,
2021-05-16,14.8,11.7,19.5,6.1,,175.0,16.2,57.0,1007.9,
2021-05-17,13.5,10.6,18.4,6.6,,184.0,11.3,44.0,1014.4,
2021-05-18,11.6,8.3,15.3,0.5,,46.0,10.1,35.0,1018.6,
2021-05-19,11.6,9.2,15.5,0.5,,341.0,6.7,65.0,1021.6,
2021-05-20,13.9,8.0,19.0,3.3,,338.0,6.0,26.0,1023.1,
2021-05-21,14.2,10.1,18.3,0.0,,61.0,13.5,54.0,1014.8,
2021-05-22,13.4,9.5,20.1,14.2,,172.0,9.3,37.0,1014.2,
2021-05-23,13.6,8.4,17.5,0.3,,23.0,7.1,37.0,1018.9,
2021-05-24,14.6,10.9,19.6,0.0,,175.0,14.7,46.0,1015.3,
2021-05-25,13.0,8.7,16.8,1.0,,187.0,7.1,28.0,1023.5,
2021-05-26,15.8,9.3,21.3,0.0,,132.0,7.6,31.0,1019.5,
2021-05-27,16.5,12.5,21.0,0.0,,351.0,12.2,35.0,1019.1,
2021-05-28,16.9,10.0,23.6,0.0,,329.0,6.3,24.1,1018.7,
2021-05-29,18.4,13.8,23.5,0.0,,345.0,12.8,38.9,1019.0,
2021-05-30,17.6,11.0,23.3,0.0,,334.0,8.6,29.6,1018.8,
2021-05-31,19.9,11.9,26.3,0.0,,184.0,8.1,33.0,1016.2,
2021-06-01,21.3,16.0,25.7,0.0,,174.0,22.3,54.0,1013.1,
2021-06-02,18.4,15.4,23.9,1.8,,163.0,14.5,37.0,1016.5,
2021-06-03,22.1,16.5,27.5,2.5,,162.0,16.6,46.0,1019.9,
2021-06-04,22.4,18.7,28.1,0.0,,181.0,15.5,46.0,1020.7,
2021-06-05,17.4,15.4,22.6,11.2,,272.0,13.4,37.0,1023.4,
2021-06-06,17.6,15.1,21.3,0.0,,342.0,20.6,46.0,1021.5,
2021-06-07,18.5,15.7,22.2,0.3,,341.0,18.3,35.0,1020.1,
2021-06-08,19.7,15.3,25.0,0.0,,350.0,16.0,39.0,1020.6,
2021-06-09,20.3,15.7,26.5,0.0,,353.0,11.9,39.0,1020.5,
2021-06-10,21.4,15.5,27.5,0.5,,355.0,9.8,37.0,1019.3,
2021-06-11,22.4,16.3,28.4,0.0,,346.0,10.7,39.0,1017.9,
2021-06-12,23.3,17.4,28.6,0.0,,352.0,11.8,33.0,1020.4,
2021-06-13,22.9,16.9,28.4,0.0,,342.0,16.0,41.0,1021.1,
2021-06-14,23.6,15.7,30.4,0.0,,339.0,7.8,31.0,1018.1,
2021-06-15,24.8,18.3,30.6,0.0,,347.0,9.6,31.0,1016.8,
2021-06-16,26.4,18.2,33.1,0.0,,178.0,11.1,33.0,1013.0,
2021-06-17,26.1,22.9,31.7,0.0,,172.0,16.3,44.0,1012.2,
2021-06-18,26.4,20.9,31.6,0.0,,160.0,18.3,54.0,1013.0,
2021-06-19,25.8,21.2,30.1,0.5,,171.0,19.5,57.0,1013.0,
2021-06-20,21.3,16.7,28.5,0.0,,153.0,12.5,52.0,1009.5,
2021-06-21,20.9,16.4,28.2,31.2,,149.0,9.6,48.0,1008.2,
2021-06-22,19.9,15.5,24.6,7.1,,351.0,9.6,28.0,1012.3,
2021-06-23,19.3,15.4,24.8,0.8,,319.0,7.8,67.0,1016.3,
2021-06-24,17.7,15.4,20.4,10.7,,302.0,9.9,39.0,1019.5,
2021-06-25,17.7,12.5,21.9,0.0,,5.0,9.8,30.0,1021.0,
2021-06-26,19.8,12.6,26.3,0.0,,179.0,5.2,31.5,1016.8,
2021-06-27,23.3,19.8,29.7,0.0,,172.0,17.5,59.0,1012.7,
2021-06-28,18.8,17.6,26.0,0.0,,342.0,7.1,31.5,1014.4,
2021-06-29,18.9,15.4,24.0,2.5,,241.0,10.2,44.5,1014.9,
2021-06-30,17.6,13.0,22.3,0.5,,69.0,5.9,21.0,1017.6,
2021-07-01,19.6,14.6,24.3,0.8,,15.0,6.5,28.0,1018.2,
2021-07-02,21.1,14.4,26.6,0.0,,359.0,7.1,26.0,1017.4,
2021-07-03,20.3,19.3,25.7,0.0,,156.0,6.4,21.0,1015.9,
2021-07-04,19.3,16.5,23.8,1.8,,128.0,8.6,31.0,1013.9,
2021-07-05,23.4,17.4,29.0,9.1,,180.0,12.2,33.3,1012.4,
2021-07-06,18.2,14.0,28.6,0.5,,348.0,14.2,46.0,1011.9,
2021-07-07,19.1,14.4,24.6,0.5,,349.0,8.7,31.5,1016.1,
2021-07-08,18.2,15.6,23.1,0.3,,334.0,13.9,33.0,1021.3,
2021-07-09,19.2,12.8,24.7,0.5,,355.0,10.6,35.0,1022.4,
2021-07-10,19.8,13.7,27.4,0.0,,316.0,7.3,27.8,1017.4,
2021-07-11,20.3,14.7,25.1,6.6,,19.0,7.0,26.0,1016.6,
2021-07-12,20.0,14.2,27.4,0.0,,215.0,17.8,52.0,1010.2,
2021-07-13,15.6,13.3,20.6,48.8,,255.0,7.7,37.0,1013.8,
2021-07-14,14.9,13.1,16.6,11.9,,193.0,8.7,21.0,1016.4,
2021-07-15,16.7,15.4,18.4,9.7,,230.0,7.8,30.0,1018.6,
2021-07-16,18.7,16.0,23.6,8.4,,329.0,18.9,44.0,1019.0,
2021-07-17,20.0,16.9,24.8,0.1,,346.0,23.2,48.0,1019.5,
2021-07-18,23.1,17.6,28.2,0.0,,349.0,18.3,52.0,1015.5,
2021-07-19,23.5,17.0,29.5,0.0,,340.0,10.7,35.2,1014.4,
2021-07-20,23.1,17.2,29.2,0.0,,334.0,10.2,33.0,1015.7,
2021-07-21,22.5,15.7,28.4,0.0,,339.0,8.7,27.8,1019.0,
2021-07-22,22.8,15.8,29.0,0.0,,339.0,7.0,30.0,1018.7,
2021-07-23,24.9,17.5,32.4,0.0,,164.0,12.5,67.0,1012.6,
2021-07-24,23.4,20.5,30.9,0.0,,101.0,12.6,46.0,1009.7,
2021-07-25,22.6,18.3,28.0,1.0,,344.0,6.5,26.0,1010.4,
2021-07-26,22.1,18.2,26.6,0.0,,351.0,9.7,26.0,1013.5,
2021-07-27,21.6,16.7,27.5,0.0,,335.0,7.9,31.0,1014.2,
2021-07-28,21.4,17.2,26.7,9.7,,223.0,7.7,20.4,1015.6,
2021-07-29,21.9,17.1,26.6,0.0,,1.0,6.4,24.1,1015.4,
2021-07-30,21.2,17.4,26.5,0.0,,252.0,5.8,26.0,1012.4,
2021-07-31,19.1,14.5,23.4,15.5,,322.0,11.4,35.0,1012.8,
2021-08-01,17.2,14.3,21.5,4.1,,276.0,8.0,33.0,1013.4,
2021-08-02,18.4,12.5,23.5,6.6,,16.0,6.6,22.2,1016.4,
2021-08-03,17.5,14.6,22.7,0.0,,160.0,8.4,28.0,1016.1,
2021-08-04,17.1,15.9,19.6,8.9,,112.0,5.5,35.0,1013.7,
2021-08-05,19.9,15.7,24.4,7.6,,169.0,8.7,28.0,1012.3,
2021-08-06,22.1,18.2,25.5,0.0,,206.0,7.8,24.0,1009.8,
2021-08-07,17.4,15.4,24.5,0.0,,124.0,9.3,33.0,1008.6,
2021-08-08,18.6,13.5,24.0,20.6,,166.0,6.9,24.0,1015.8,
2021-08-09,19.0,13.3,24.6,0.0,,121.0,5.3,24.1,1019.1,
2021-08-10,22.1,14.9,29.1,0.0,,72.0,5.7,22.2,1018.1,
2021-08-11,24.2,17.4,30.3,0.0,,352.0,4.6,22.2,1018.0,
2021-08-12,24.2,19.4,32.6,0.0,,151.0,8.1,33.0,1018.5,
2021-08-13,24.4,18.1,30.5,0.2,,46.0,6.2,21.0,1021.6,
2021-08-14,27.2,20.9,34.0,0.0,,154.0,6.0,21.0,1018.7,
2021-08-15,27.4,21.8,34.1,0.0,,178.0,9.5,61.0,1014.5,
2021-08-16,20.6,18.4,30.8,1.5,,354.0,12.4,46.0,1018.5,
2021-08-17,18.6,15.0,22.6,0.0,,354.0,14.8,39.0,1021.0,
2021-08-18,17.9,14.9,20.8,0.0,,337.0,16.9,37.0,1020.3,
2021-08-19,18.7,14.3,23.1,0.0,,3.0,8.5,27.8,1017.3,
2021-08-20,19.6,13.2,25.7,0.0,,0.0,5.5,24.0,1016.8,
2021-08-21,24.2,17.0,31.2,0.0,,167.0,8.6,29.6,1016.9,
2021-08-22,22.4,20.2,28.9,0.0,,336.0,10.9,37.0,1020.1,
2021-08-23,19.3,15.4,23.9,0.0,,352.0,19.4,50.0,1020.6,
2021-08-24,18.7,15.6,23.0,0.0,,345.0,10.7,33.3,1017.9,
2021-08-25,18.4,12.8,24.1,0.0,,337.0,9.0,31.0,1016.6,
2021-08-26,19.2,13.8,24.4,0.0,,357.0,9.7,33.3,1015.3,
2021-08-27,17.6,12.3,22.3,0.0,,342.0,20.2,44.0,1015.6,
2021-08-28,16.7,11.3,21.5,0.0,,350.0,21.8,54.0,1017.1,
2021-08-29,16.4,11.4,22.0,0.0,,346.0,15.7,42.0,1017.6,
2021-08-30,16.7,12.2,21.4,0.0,,342.0,14.5,35.0,1017.0,
2021-08-31,17.6,12.9,23.5,0.0,,348.0,13.6,44.0,1019.3,
2021-09-01,17.8,11.5,24.3,0.0,,335.0,6.9,28.0,1021.4,
2021-09-02,20.8,12.8,27.3,0.0,,147.0,6.3,22.0,1020.2,
2021-09-03,21.1,17.6,26.5,0.8,,183.0,6.9,20.4,1018.4,
2021-09-04,21.6,17.7,27.0,0.8,,77.0,6.6,31.5,1015.7,
2021-09-05,21.8,15.4,28.4,0.0,,51.0,6.1,25.9,1017.6,
2021-09-06,22.3,15.7,29.3,0.0,,279.0,5.8,29.6,1020.5,
2021-09-07,23.4,17.6,29.4,0.0,,156.0,12.2,39.0,1019.5,
2021-09-08,24.4,19.0,30.2,0.0,,172.0,20.9,67.0,1014.4,
2021-09-09,21.2,19.7,26.5,0.0,,141.0,12.1,44.0,1014.7,
2021-09-10,19.7,17.4,23.5,0.3,,141.0,7.5,27.8,1016.8,
2021-09-11,19.9,16.1,24.7,4.3,,20.0,8.8,28.0,1018.9,
2021-09-12,19.2,12.9,26.3,0.0,,337.0,5.5,28.0,1017.3,
2021-09-13,22.2,14.5,29.1,0.3,,161.0,14.2,42.0,1015.3,
2021-09-14,23.7,21.4,26.3,0.0,,167.0,17.1,57.0,1014.4,
2021-09-15,21.4,18.4,27.0,1.0,,157.0,10.7,39.0,1014.4,
2021-09-16,19.2,16.7,24.0,4.3,,336.0,6.9,25.9,1016.1,
2021-09-17,18.7,15.3,23.4,0.0,,336.0,8.2,24.1,1014.9,
2021-09-18,18.6,13.0,24.5,0.0,,327.0,5.3,25.9,1013.6,
2021-09-19,14.9,13.6,20.9,10.9,,217.0,9.2,24.0,1016.1,
2021-09-20,14.6,13.3,16.0,12.7,,354.0,8.4,22.0,1018.7,
2021-09-21,16.0,13.7,19.3,18.8,,346.0,10.0,29.6,1024.5,
2021-09-22,14.6,11.0,19.0,0.0,,334.0,7.8,26.0,1025.3,
2021-09-23,17.3,11.4,24.4,0.3,,162.0,6.8,22.2,1021.8,
2021-09-24,18.3,12.5,24.7,0.0,,87.0,4.8,22.0,1019.0,
2021-09-25,20.6,15.4,26.6,0.0,,166.0,15.4,61.0,1016.5,
2021-09-26,18.7,15.9,24.5,4.8,,127.0,8.2,44.5,1018.4,
2021-09-27,18.4,13.5,24.5,0.0,,163.0,7.6,44.0,1019.8,
2021-09-28,15.7,11.5,21.7,0.3,,322.0,8.8,30.0,1022.5,
2021-09-29,16.6,12.7,21.5,0.0,,18.0,7.8,28.0,1024.0,
2021-09-30,12.7,7.9,18.1,0.0,,345.0,8.9,33.3,1027.5,
2021-10-01,15.9,7.4,24.2,0.0,,180.0,12.2,46.0,1021.0,
2021-10-02,19.6,13.7,24.0,0.0,,184.0,23.1,85.0,1014.1,
2021-10-03,18.1,11.7,21.6,0.0,,165.0,21.6,81.5,1009.3,
2021-10-04,11.3,10.5,12.8,79.2,,319.0,7.9,46.3,1018.8,
2021-10-05,12.4,8.7,16.1,13.2,,183.0,12.7,44.0,1015.6,
2021-10-06,11.8,9.3,15.5,4.3,,338.0,10.1,39.0,1023.5,
2021-10-07,11.5,7.0,16.4,0.3,,345.0,19.6,54.0,1024.4,
2021-10-08,11.2,8.4,15.0,0.0,,322.0,7.0,22.2,1023.4,
2021-10-09,11.6,10.1,13.5,0.0,,335.0,7.3,24.1,1023.1,
2021-10-10,10.7,7.2,14.5,0.0,,343.0,10.0,35.0,1024.6,
2021-10-11,10.3,5.7,16.3,0.0,,354.0,12.8,37.0,1025.4,
2021-10-12,10.9,8.9,15.3,0.0,,346.0,19.5,46.0,1022.8,
2021-10-13,10.2,7.8,13.6,0.0,,339.0,20.9,48.0,1023.8,
2021-10-14,8.4,3.4,14.7,0.0,,317.0,5.7,22.0,1026.4,
2021-10-15,10.5,3.9,17.8,0.0,,222.0,9.0,24.0,1020.4,
2021-10-16,8.6,5.4,13.5,0.0,,25.0,6.1,24.0,1020.6,
2021-10-17,9.5,2.3,19.2,0.0,,98.0,4.4,18.0,1021.2,
2021-10-18,12.5,5.4,20.0,0.0,,157.0,5.9,24.0,1024.3,
2021-10-19,15.2,8.7,20.5,0.0,,159.0,18.8,52.0,1025.7,
2021-10-20,17.8,16.2,20.0,0.0,,183.0,41.0,91.0,1018.6,
2021-10-21,15.9,13.6,18.4,3.6,,192.0,19.3,93.0,1016.0,
2021-10-22,11.0,6.6,14.8,0.0,,357.0,13.9,41.0,1021.7,
2021-10-23,7.6,2.7,13.0,0.0,,3.0,9.4,24.1,1026.6,
2021-10-24,10.4,2.1,20.2,0.0,,166.0,6.6,24.0,1024.9,
2021-10-25,12.6,8.1,19.6,0.0,,156.0,7.5,18.5,1022.3,
2021-10-26,12.3,9.0,16.6,0.3,,330.0,9.6,33.0,1024.6,
2021-10-27,9.3,7.2,14.4,0.0,,329.0,5.1,35.0,1025.2,
2021-10-28,10.7,3.5,19.4,0.0,,160.0,8.7,33.0,1020.3,
2021-10-29,14.4,8.8,19.6,0.0,,166.0,19.8,61.0,1013.2,
2021-10-30,15.0,11.5,17.6,0.0,,167.0,19.2,87.0,1007.5,
2021-10-31,16.3,12.6,21.2,3.0,,152.0,20.5,65.0,1008.3,
2021-11-01,11.5,9.6,17.9,42.7,,101.0,10.3,38.9,1007.3,
2021-11-02,11.7,9.3,14.3,4.6,,182.0,18.1,46.0,1005.4,
2021-11-03,9.7,7.6,13.3,12.2,,236.0,17.1,42.0,1002.6,
2021-11-04,7.4,4.9,10.2,2.6,,326.0,6.9,39.0,1012.4,
2021-11-05,7.1,4.9,10.0,0.5,,358.0,12.2,39.0,1023.1,
2021-11-06,6.6,5.1,8.7,0.0,,353.0,14.8,31.0,1028.9,
2021-11-07,7.1,4.4,10.0,0.0,,344.0,16.7,33.0,1025.6,
2021-11-08,7.9,4.7,10.1,0.0,,347.0,20.4,48.0,1021.6,
2021-11-09,4.3,2.9,8.5,0.0,,358.0,7.7,26.0,1025.1,
2021-11-10,3.9,2.6,5.4,0.0,,5.0,6.0,22.2,1025.1,
2021-11-11,4.9,3.6,8.4,0.0,,22.0,6.3,17.0,1024.8,
2021-11-12,4.4,3.2,7.5,0.0,,20.0,5.6,15.0,1021.5,
2021-11-13,5.6,2.1,9.8,0.0,,127.0,6.1,21.0,1020.0,
2021-11-14,9.0,7.6,11.5,2.3,,347.0,12.1,31.0,1016.8,
2021-11-15,8.1,7.0,9.4,0.0,,355.0,10.6,31.0,1019.8,
2021-11-16,7.4,6.4,8.7,0.0,,336.0,10.6,22.0,1022.7,
2021-11-17,6.4,5.3,7.3,0.0,,346.0,15.8,37.0,1025.4,
2021-11-18,6.8,2.7,11.2,0.0,,1.0,9.6,30.0,1031.0,
2021-11-19,5.6,4.3,8.4,0.0,,41.0,6.4,18.0,1032.6,
2021-11-20,4.9,3.5,8.1,0.0,,27.0,7.2,17.0,1026.6,
2021-11-21,4.3,2.9,5.7,0.4,,76.0,6.8,18.0,1015.3,
2021-11-22,4.8,3.7,5.8,0.0,,340.0,12.8,29.6,1016.1,
2021-11-23,6.6,5.3,9.1,0.0,,329.0,9.3,21.0,1022.2,
2021-11-24,3.6,0.3,7.7,0.0,,3.0,5.0,15.0,1019.2,
2021-11-25,2.7,1.6,4.5,0.0,,350.0,9.7,33.0,1010.8,
2021-11-26,2.2,0.9,3.7,1.5,,14.0,14.1,30.0,1006.2,
2021-11-27,4.9,2.2,8.2,0.3,,181.0,14.9,46.0,996.4,
2021-11-28,2.2,0.5,4.3,1.5,,263.0,13.6,61.0,1001.4,
2021-11-29,2.2,1.2,3.3,12.2,,324.0,17.6,39.0,1013.5,
2021-11-30,1.8,-2.4,5.5,0.3,,141.0,11.8,31.5,1025.6,
2021-12-01,4.3,0.1,7.2,0.0,,160.0,17.6,55.0,1012.9,
2021-12-02,3.6,0.2,6.4,13.1,,315.0,12.3,42.0,1008.4,
2021-12-03,1.7,-1.4,5.0,1.5,,24.0,9.3,33.3,1017.9,
2021-12-04,6.5,1.9,9.6,5.3,,197.0,22.6,57.0,1009.6,
2021-12-05,4.1,2.5,6.7,5.6,,202.0,10.4,37.0,1008.8,
2021-12-06,3.4,2.4,6.3,6.4,,4.0,7.5,24.0,1016.2,
2021-12-07,5.2,1.4,9.3,0.5,,148.0,16.0,41.0,1014.1,
2021-12-08,5.0,3.3,8.2,9.9,,147.0,14.3,59.0,1003.9,
2021-12-09,3.5,1.0,6.0,8.1,,21.0,7.9,21.0,1011.0,
2021-12-10,3.8,0.5,8.3,5.8,10.0,231.0,19.1,48.0,1004.3,
2021-12-11,2.9,-0.3,6.0,1.3,,341.0,11.9,37.0,1020.6,
2021-12-12,0.7,-2.6,5.6,0.0,,63.0,3.9,16.7,1029.9,
2021-12-13,2.4,0.8,5.1,0.0,,91.0,8.3,22.0,1029.9,
2021-12-14,0.8,0.1,2.1,0.0,,90.0,6.0,21.0,1031.2,
2021-12-15,0.8,0.1,1.5,0.0,,29.0,8.4,22.0,1033.1,
2021-12-16,2.5,1.2,3.1,0.0,,100.0,3.8,18.0,1035.6,
2021-12-17,3.5,1.0,6.9,0.0,,55.0,5.3,18.0,1035.1,
2021-12-18,2.3,-0.4,3.5,0.0,,356.0,5.8,17.0,1033.8,
2021-12-19,-0.4,-1.3,2.5,0.0,,41.0,5.3,21.0,1031.0,
2021-12-20,-0.1,-1.1,0.4,0.0,,17.0,8.8,24.0,1025.6,
2021-12-21,1.1,-2.1,4.4,0.0,,253.0,5.0,22.0,1023.3,
2021-12-22,-2.4,-3.9,-0.2,0.0,,0.0,4.0,24.0,1024.1,
2021-12-23,6.9,-2.7,12.3,0.0,,140.0,15.6,42.0,1019.6,
2021-12-24,8.9,4.8,12.6,0.0,,146.0,18.5,55.0,1012.2,
2021-12-25,8.7,7.0,11.6,0.0,,136.0,14.5,37.0,1006.3,
2021-12-26,7.5,5.6,10.3,0.8,,147.0,8.3,22.0,1007.9,
2021-12-27,8.3,4.8,10.9,12.2,,163.0,20.1,50.0,1005.8,
2021-12-28,10.5,8.7,12.4,17.3,,162.0,20.3,50.0,1008.5,
2021-12-29,10.7,8.5,12.7,33.0,,155.0,12.2,30.0,1016.4,
2021-12-30,11.9,8.5,15.0,7.9,,125.0,5.3,25.9,1024.5,
2021-12-31,8.3,4.6,14.1,0.5,,198.0,7.1,24.1,1026.6,
2022-01-01,5.1,0.8,10.0,0.0,,29.0,3.7,24.1,1028.3,
2022-01-02,6.5,3.3,9.4,0.0,,171.0,11.0,31.0,1026.4,
2022-01-03,8.7,4.3,14.2,0.0,,164.0,8.8,31.0,1022.8,
2022-01-04,11.6,7.8,13.3,0.3,,185.0,31.3,74.0,1007.8,
2022-01-05,4.3,2.5,12.0,13.2,,353.0,18.7,46.0,1013.9,
2022-01-06,2.8,-0.2,5.0,0.3,,349.0,19.9,44.0,1020.9,
2022-01-07,0.9,-1.6,3.0,0.0,,144.0,10.6,30.0,1023.7,
2022-01-08,4.5,2.5,6.7,11.8,,179.0,12.9,48.2,1018.0,
2022-01-09,4.5,2.5,7.3,3.8,,168.0,11.7,46.3,1010.9,
2022-01-10,2.8,0.8,5.6,0.9,,354.0,14.1,35.2,1018.5,
2022-01-11,1.6,0.5,3.0,0.0,,343.0,13.7,30.0,1029.6,
2022-01-12,0.2,-1.8,2.8,0.0,,333.0,10.6,26.0,1036.2,
2022-01-13,-0.9,-2.6,1.5,0.0,,292.0,5.0,21.0,1039.3,
2022-01-14,-3.1,-5.4,1.0,0.0,,51.0,4.1,17.0,1037.1,
2022-01-15,-3.3,-4.7,-1.5,0.0,,25.0,3.1,11.0,1029.8,
2022-01-16,-3.1,-4.9,-1.5,0.0,,37.0,5.7,28.0,1032.7,
2022-01-17,-0.1,-2.6,2.6,0.0,,352.0,10.6,41.0,1037.4,
2022-01-18,1.8,-0.9,3.7,0.0,,359.0,8.3,30.0,1034.7,
2022-01-19,-0.7,-4.1,2.0,0.0,,132.0,3.9,15.0,1032.4,
2022-01-20,2.5,0.7,4.7,0.0,,350.0,13.7,41.0,1030.4,
2022-01-21,2.0,0.3,4.6,0.5,,352.0,30.1,59.0,1031.4,
2022-01-22,1.5,-1.3,5.4,0.0,,340.0,16.5,41.0,1034.5,
2022-01-23,1.1,0.8,2.8,0.0,,353.0,6.8,18.5,1034.1,
2022-01-24,1.3,-2.6,7.0,0.0,,76.0,4.6,22.0,1032.5,
2022-01-25,-0.5,-4.6,6.4,0.0,,340.0,3.2,11.1,1034.5,
2022-01-26,-2.5,-4.5,2.4,0.0,,2.0,6.5,26.0,1035.0,
2022-01-27,-2.6,-3.5,-0.6,0.0,,7.0,9.8,24.0,1035.1,
2022-01-28,0.9,-2.7,3.3,0.0,,348.0,16.0,37.0,1037.2,
2022-01-29,0.9,-0.3,2.7,0.0,,18.0,8.7,25.9,1038.1,
2022-01-30,4.6,1.0,8.5,0.0,,332.0,12.1,39.0,1031.7,
2022-01-31,4.4,2.7,7.3,4.1,,113.0,13.2,61.0,1024.7,
2022-02-01,3.2,0.5,5.6,0.0,,8.0,13.7,46.3,1028.9,
2022-02-02,6.1,3.4,10.3,1.5,,106.0,12.1,37.0,1027.1,
2022-02-03,7.2,4.6,11.1,0.0,,151.0,7.3,31.5,1021.6,
2022-02-04,6.3,2.5,10.7,0.0,,133.0,7.0,24.1,1021.4,
2022-02-05,5.6,1.4,8.5,1.8,,335.0,15.4,39.0,1026.7,
2022-02-06,4.6,-0.3,8.7,3.6,,162.0,10.1,35.2,1027.6,
2022-02-07,6.7,2.1,8.6,1.5,,342.0,19.1,57.0,1027.9,
2022-02-08,3.6,-1.4,10.5,0.0,,74.0,5.3,18.5,1035.1,
2022-02-09,6.5,-1.1,13.7,0.0,,165.0,16.2,44.0,1031.0,
2022-02-10,9.8,3.6,16.1,0.0,,137.0,9.9,44.0,1027.1,
2022-02-11,6.3,1.9,11.6,2.3,,348.0,19.0,44.0,1029.5,
2022-02-12,3.7,-2.7,10.6,0.8,,162.0,7.3,22.2,1028.5,
2022-02-13,8.6,4.9,12.4,0.0,,162.0,27.6,78.0,1019.8,
2022-02-14,8.2,5.8,9.9,0.0,,170.0,18.4,67.0,1011.5,
2022-02-15,6.8,4.8,9.5,11.2,,295.0,11.9,37.0,1019.6,
2022-02-16,7.1,4.8,9.6,1.3,,158.0,13.9,37.0,1018.8,
2022-02-17,12.1,8.1,16.7,5.6,,114.0,12.1,35.2,1020.4,
2022-02-18,12.9,7.1,19.3,0.3,,173.0,18.6,54.0,1015.7,
2022-02-19,7.2,4.4,15.9,0.0,,358.0,11.9,61.1,1023.5,
2022-02-20,7.9,2.8,13.4,0.0,,150.0,7.8,33.3,1025.4,
2022-02-21,8.2,5.9,10.5,2.0,,280.0,15.6,70.4,1020.2,
2022-02-22,8.4,5.8,11.1,5.1,,347.0,12.2,37.0,1028.2,
2022-02-23,9.8,7.2,15.3,0.0,,356.0,6.5,22.0,1026.5,
2022-02-24,9.9,5.3,14.5,0.0,,178.0,16.4,61.0,1021.2,
2022-02-25,6.3,3.2,11.9,0.0,,346.0,19.5,50.0,1028.6,
2022-02-26,4.9,0.6,10.6,0.0,,335.0,9.1,28.0,1028.8,
2022-02-27,5.2,-1.5,12.6,0.0,,102.0,7.5,26.0,1026.0,
2022-02-28,6.9,0.4,13.2,0.0,,79.0,11.0,28.0,1027.7,
2022-03-01,7.5,0.1,14.6,0.0,,177.0,7.3,25.9,1026.7,
2022-03-02,8.8,5.7,12.1,0.0,,167.0,16.4,48.0,1022.3,
2022-03-03,8.1,2.6,14.4,0.0,,90.0,10.2,31.0,1016.9,
2022-03-04,7.3,2.3,13.3,0.0,,339.0,11.8,44.0,1015.6,
2022-03-05,4.6,-1.2,10.4,0.0,,348.0,11.1,39.0,1017.5,
2022-03-06,3.0,-1.5,8.5,0.0,,325.0,9.0,31.0,1018.5,
2022-03-07,3.4,-2.5,10.5,0.0,,302.0,4.8,24.1,1018.8,
2022-03-08,6.9,0.6,13.1,0.0,,154.0,21.6,57.0,1018.7,
2022-03-09,8.9,3.7,14.8,0.0,,156.0,13.8,33.3,1022.9,
2022-03-10,9.9,4.8,15.1,0.0,,158.0,18.6,50.0,1022.3,
2022-03-11,11.8,9.7,15.5,0.0,,179.0,27.2,67.0,1017.0,
2022-03-12,10.5,8.7,12.4,0.0,,179.0,11.8,52.0,1017.7,
2022-03-13,9.7,6.9,14.3,0.0,,169.0,14.7,44.5,1016.2,
2022-03-14,8.3,3.6,12.0,8.4,,68.0,8.3,30.0,1026.8,
2022-03-15,13.3,10.3,17.1,2.5,,158.0,21.9,61.0,1024.9,
2022-03-16,13.8,9.2,17.8,0.0,,150.0,17.5,42.0,1021.2,
2022-03-17,10.8,8.2,14.6,0.0,,334.0,18.8,48.0,1024.9,
2022-03-18,9.4,7.9,11.4,0.0,,302.0,13.5,39.0,1029.8,
2022-03-19,9.1,3.9,14.7,0.0,,197.0,7.0,37.0,1029.5,
2022-03-20,11.5,7.9,14.5,0.0,,162.0,17.8,48.2,1028.3,
2022-03-21,12.1,7.8,16.5,0.0,,165.0,18.5,42.0,1030.4,
2022-03-22,10.8,4.5,16.4,0.0,,162.0,15.2,41.0,1031.1,
2022-03-23,10.3,4.1,16.4,0.0,,150.0,7.5,26.0,1030.2,
2022-03-24,11.4,4.2,19.7,0.0,,146.0,4.0,25.9,1027.2,
2022-03-25,12.1,4.7,19.5,0.0,,135.0,6.8,29.6,1024.6,
2022-03-26,12.5,5.5,19.7,0.0,,270.0,7.8,26.0,1023.6,
2022-03-27,13.6,5.5,21.2,0.0,,,,,,
2022-03-28,14.8,6.2,22.0,0.0,,157.0,11.8,31.0,1023.0,
2022-03-29,15.6,12.0,19.3,0.0,,171.0,21.3,67.0,1011.7,
2022-03-30,12.1,9.4,17.0,0.3,,180.0,12.1,44.0,1003.4,
2022-03-31,9.5,7.2,12.4,13.2,,285.0,12.4,44.0,998.4,
2022-04-01,2.4,0.3,8.9,5.1,10.0,335.0,22.0,55.0,1003.7,
2022-04-02,1.2,0.0,3.3,3.3,10.0,332.0,31.8,57.0,1010.7,
2022-04-03,3.1,0.4,6.1,0.3,,347.0,21.9,39.0,1018.9,
2022-04-04,4.2,-1.2,9.4,0.0,,341.0,6.7,24.0,1021.4,
2022-04-05,7.7,2.4,13.7,0.0,,301.0,8.0,44.0,1017.0,
2022-04-06,11.4,7.4,14.8,0.0,,326.0,5.0,25.9,1011.1,
2022-04-07,11.9,9.8,13.7,0.3,,173.0,20.9,50.0,1008.8,
2022-04-08,14.5,11.6,18.2,5.1,,190.0,23.1,61.0,1006.7,
2022-04-09,6.6,3.8,17.2,0.5,,343.0,17.8,55.0,1015.9,
2022-04-10,7.2,-0.4,14.2,1.5,,352.0,5.8,22.0,1020.9,
2022-04-11,12.1,6.9,17.5,0.0,,162.0,28.6,78.0,1015.4,
2022-04-12,15.4,12.5,19.4,0.0,,160.0,21.7,57.0,1012.7,
2022-04-13,15.2,10.7,20.4,0.0,,290.0,10.1,37.0,1015.9,
2022-04-14,15.5,9.5,21.7,0.0,,331.0,12.6,41.0,1019.6,
2022-04-15,16.8,10.6,22.7,0.0,,330.0,14.9,44.0,1021.6,
2022-04-16,15.7,10.7,21.3,0.0,,347.0,19.8,52.0,1020.5,
2022-04-17,12.4,5.9,18.6,0.0,,316.0,8.6,31.5,1019.6,
2022-04-18,13.1,6.5,19.5,0.0,,308.0,8.7,37.0,1015.5,
2022-04-19,13.8,7.6,20.4,0.0,,345.0,9.7,35.0,1011.5,
2022-04-20,13.7,6.7,20.6,0.0,,236.0,7.7,38.9,1008.4,
2022-04-21,15.2,11.7,20.1,0.0,,16.0,13.0,48.0,1004.8,
2022-04-22,14.4,7.4,21.0,0.0,,339.0,6.2,42.0,999.8,
2022-04-23,14.0,9.5,19.3,0.0,,156.0,15.5,63.0,997.7,
2022-04-24,11.9,8.5,16.5,4.1,,194.0,18.1,50.0,1003.4,
2022-04-25,12.9,11.4,16.1,7.4,,207.0,9.2,28.0,1011.9,
2022-04-26,13.5,10.1,18.1,2.8,,339.0,9.5,30.0,1015.6,
2022-04-27,12.7,5.9,19.6,0.0,,319.0,8.0,29.6,1018.8,
2022-04-28,15.2,7.4,22.1,0.0,,323.0,7.1,35.2,1022.1,
2022-04-29,15.2,9.3,21.7,0.0,,312.0,11.2,39.0,1024.0,
2022-04-30,13.6,8.1,19.7,0.3,,350.0,13.0,41.0,1022.1,
2022-05-01,13.4,7.4,19.1,0.0,,340.0,12.4,41.0,1019.3,
2022-05-02,14.2,7.2,20.4,0.0,,334.0,9.2,33.0,1015.0,
2022-05-03,15.3,11.1,21.4,1.0,,255.0,9.9,28.0,1014.5,
2022-05-04,15.8,10.9,22.0,1.0,,194.0,11.1,31.5,1017.0,
2022-05-05,14.4,11.8,18.5,2.3,,328.0,17.5,72.0,1020.6,
2022-05-06,14.2,9.4,19.0,0.0,,352.0,21.8,50.0,1021.0,
2022-05-07,16.9,10.8,22.4,0.0,,356.0,19.4,50.0,1019.5,
2022-05-08,17.1,11.6,22.3,0.0,,2.0,9.9,37.0,1019.2,
2022-05-09,17.9,10.8,24.4,0.0,,270.0,5.7,25.9,1022.0,
2022-05-10,20.7,12.5,27.0,0.0,,152.0,7.1,24.1,1020.8,
2022-05-11,22.6,16.5,28.3,0.0,,177.0,25.6,70.0,1017.7,
2022-05-12,21.7,16.5,27.4,0.0,,173.0,17.8,53.7,1020.0,
2022-05-13,20.1,14.7,23.8,0.0,,40.0,12.2,37.0,1020.8,
2022-05-14,19.9,13.6,25.8,0.0,,343.0,8.9,33.3,1019.4,
2022-05-15,21.8,14.4,28.7,0.0,,179.0,20.8,63.0,1015.8,
2022-05-16,22.6,16.4,29.3,0.0,,148.0,13.1,40.8,1018.4,
2022-05-17,22.2,15.6,30.0,0.0,,54.0,7.1,25.9,1018.4,
2022-05-18,24.2,16.8,31.1,0.0,,12.0,8.0,30.0,1018.5,
2022-05-19,25.7,21.0,31.1,0.0,,170.0,20.7,64.8,1020.4,
2022-05-20,24.8,18.6,29.6,0.0,,172.0,29.2,76.0,1021.4,
2022-05-21,23.9,16.9,30.5,0.0,,16.0,9.3,40.8,1020.0,
2022-05-22,24.0,17.9,29.6,0.0,,333.0,7.5,35.0,1011.6,
2022-05-23,21.7,17.9,28.0,0.5,,188.0,14.7,57.0,1006.1,
2022-05-24,17.9,14.7,20.7,5.6,,3.0,10.7,55.0,1010.7,
2022-05-25,17.5,11.9,22.7,0.0,,347.0,19.9,48.0,1017.4,
2022-05-26,18.0,12.0,23.0,0.0,,339.0,18.0,44.0,1024.0,
2022-05-27,18.6,12.5,24.0,0.0,,341.0,18.7,48.0,1023.3,
2022-05-28,18.0,13.0,22.4,0.0,,342.0,27.5,55.0,1017.3,
2022-05-29,15.6,10.2,20.6,0.0,,345.0,22.1,48.0,1010.7,
2022-05-30,16.5,10.5,23.0,0.0,,345.0,11.1,35.2,1009.5,
2022-05-31,16.4,14.2,21.4,0.0,,159.0,9.6,42.0,1013.6,
2022-06-01,18.7,14.4,24.6,2.5,10.0,109.0,10.0,28.0,1015.3,
2022-06-02,20.5,15.7,26.9,1.3,,114.0,11.0,,1015.2,
2022-06-03,23.6,17.0,30.7,0.0,,149.0,11.4,,1013.8,
2022-06-04,25.8,16.9,33.1,0.0,10.0,192.0,13.3,,1014.0,
2022-06-05,21.8,17.4,31.3,9.1,10.0,326.0,11.5,,1015.9,
2022-06-06,20.7,15.6,25.4,4.1,10.0,2.0,8.3,,1018.2,
2022-06-07,20.0,15.1,24.6,0.2,,356.0,10.4,,1017.4,
2022-06-08,17.5,14.7,23.5,14.6,,146.0,10.3,,1013.2,
2022-06-09,16.8,14.4,21.2,15.7,,335.0,17.2,,1018.3,
2022-06-10,18.7,11.0,25.0,0.5,,358.0,14.5,,1022.2,
2022-06-11,22.0,13.7,29.1,0.0,,355.0,9.3,,1021.6,
2022-06-12,24.4,16.9,32.1,0.0,10.0,243.0,7.8,,1020.0,
2022-06-13,22.5,18.3,28.6,0.0,,343.0,17.7,,1019.8,
2022-06-14,22.4,13.3,30.1,0.0,,322.0,7.2,24.1,1017.3,
2022-06-15,26.9,21.7,33.6,0.0,,159.0,13.6,42.0,1015.3,
2022-06-16,27.6,21.6,33.2,0.0,,29.0,10.6,33.0,1017.8,
2022-06-17,26.3,18.8,33.7,0.0,,342.0,11.9,37.0,1020.3,
2022-06-18,28.8,19.5,37.1,0.0,,199.0,18.8,67.0,1016.2,
2022-06-19,29.4,24.7,35.0,0.0,,171.0,28.6,72.0,1009.9,
2022-06-20,28.5,22.6,34.4,0.0,,190.0,23.9,59.0,1010.7,
2022-06-21,26.9,22.4,32.6,0.0,,158.0,19.9,80.0,1009.7,
2022-06-22,23.8,17.4,30.5,31.2,,149.0,18.7,63.0,1009.6,
2022-06-23,21.8,17.0,28.4,64.0,,169.0,12.4,33.3,1011.3,
2022-06-24,20.2,16.3,23.5,11.7,,174.0,10.0,37.0,1012.1,
2022-06-25,21.7,15.7,29.4,16.3,,165.0,14.7,70.0,1012.1,
2022-06-26,19.5,16.2,24.1,8.6,,339.0,13.5,33.0,1013.3,
2022-06-27,18.7,17.1,22.6,0.3,,346.0,16.5,41.0,1017.8,
2022-06-28,19.7,15.7,24.4,0.0,,345.0,15.1,37.0,1017.8,
2022-06-29,23.3,18.0,28.1,0.0,,314.0,7.6,28.0,1013.7,
2022-06-30,20.3,14.7,30.4,10.6,,252.0,12.4,59.0,1012.7,
2022-07-01,17.4,12.8,22.2,23.4,,343.0,12.8,41.0,1020.1,
2022-07-02,20.9,12.8,28.2,0.0,,337.0,6.0,24.1,1019.8,
2022-07-03,24.0,17.9,30.6,0.0,,0.0,8.4,28.0,1017.8,
2022-07-04,22.8,18.5,26.7,0.0,,338.0,13.5,31.0,1018.4,
2022-07-05,22.6,17.5,27.3,0.0,,338.0,14.6,41.0,1020.5,
2022-07-06,21.6,15.7,26.3,0.0,,348.0,19.8,46.0,1021.9,
2022-07-07,20.8,13.7,26.5,0.0,,348.0,22.2,54.0,1023.3,
2022-07-08,20.8,15.1,26.0,0.0,,345.0,25.9,55.0,1025.6,
2022-07-09,21.2,14.5,27.4,0.0,,342.0,13.0,44.0,1023.9,
2022-07-10,22.4,16.6,27.4,0.0,,350.0,17.8,44.0,1020.1,
2022-07-11,22.2,15.5,28.3,0.0,,327.0,11.2,33.3,1018.5,
2022-07-12,24.1,16.7,30.4,0.0,,316.0,9.5,31.5,1020.2,
2022-07-13,25.3,16.6,32.1,0.0,,342.0,6.3,30.0,1020.8,
2022-07-14,27.7,19.1,35.1,0.0,,114.0,8.7,24.0,1018.2,
2022-07-15,25.8,20.7,33.6,0.0,,347.0,13.4,39.0,1017.2,
2022-07-16,23.6,16.8,30.0,0.0,,340.0,17.2,44.0,1018.9,
2022-07-17,24.2,16.7,31.5,0.0,,337.0,10.3,30.0,1020.6,
2022-07-18,27.3,18.0,35.3,0.0,,307.0,5.4,27.8,1019.1,
2022-07-19,31.2,24.4,37.5,0.0,,174.0,21.2,55.0,1014.9,
2022-07-20,28.5,23.8,35.6,0.0,,229.0,16.7,61.0,1017.0,
2022-07-21,25.0,18.6,31.5,0.0,,358.0,11.4,33.3,1020.0,
2022-07-22,26.8,19.0,36.0,0.0,,273.0,7.5,37.0,1015.5,
2022-07-23,24.7,21.6,30.3,1.8,,346.0,12.4,39.0,1017.9,
2022-07-24,26.4,18.5,34.0,0.0,,337.0,6.0,25.9,1016.7,
2022-07-25,28.8,23.8,35.4,0.0,,190.0,15.6,39.0,1013.3,
2022-07-26,23.7,20.5,29.9,0.0,,346.0,20.4,46.0,1016.4,
2022-07-27,22.7,17.0,27.5,0.0,,341.0,20.2,42.6,1014.5,
2022-07-28,24.2,15.8,32.3,0.0,,331.0,7.1,25.9,1012.5,
2022-07-29,23.2,19.7,30.0,0.0,,3.0,8.5,26.0,1015.8,
2022-07-30,24.2,16.9,30.7,0.0,,348.0,12.1,44.0,1018.3,
2022-07-31,26.0,18.0,32.6,0.0,,335.0,11.0,37.0,1017.8,
2022-08-01,26.4,18.7,33.2,0.0,,347.0,12.0,41.0,1016.6,
2022-08-02,25.6,19.3,32.0,0.0,,345.0,12.8,37.0,1016.3,
2022-08-03,29.0,20.3,37.2,0.0,,167.0,7.3,30.0,1013.7,
2022-08-04,31.8,24.8,38.5,0.0,,180.0,14.9,44.0,1012.2,
2022-08-05,27.4,22.4,36.0,0.0,,249.0,14.5,50.0,1014.3,
2022-08-06,24.7,19.8,30.2,0.0,,339.0,19.1,41.0,1018.2,
2022-08-07,23.6,17.2,30.1,0.0,,338.0,13.5,39.0,1017.0,
2022-08-08,24.2,16.8,31.4,0.0,,333.0,10.0,37.0,1017.2,
2022-08-09,25.2,16.3,32.6,0.0,,317.0,8.0,29.6,1018.2,
2022-08-10,26.0,17.9,34.0,0.0,,314.0,8.1,33.3,1017.2,
2022-08-11,28.3,21.4,36.5,0.0,,138.0,11.3,33.0,1014.4,
2022-08-12,27.8,21.5,33.8,0.0,,164.0,9.4,38.9,1012.0,
2022-08-13,26.4,18.0,33.5,0.0,,343.0,7.9,33.0,1010.7,
2022-08-14,21.8,18.2,31.6,7.6,,149.0,12.4,65.0,1009.5,
2022-08-15,22.6,17.3,28.0,15.0,,171.0,8.8,26.0,1008.4,
2022-08-16,24.6,16.7,32.3,0.0,,174.0,10.9,52.0,1008.1,
2022-08-17,20.9,17.3,30.2,0.0,,343.0,10.8,70.0,1010.9,
2022-08-18,19.8,15.9,23.5,3.9,,324.0,14.8,35.0,1012.6,
2022-08-19,19.8,17.5,24.5,5.4,,345.0,10.5,33.3,1016.7,
2022-08-20,22.0,19.0,26.5,0.0,,354.0,11.2,35.0,1018.3,
2022-08-21,21.1,15.3,26.5,0.0,,347.0,12.4,37.0,1016.1,
2022-08-22,21.9,15.6,28.0,0.0,,341.0,13.6,37.0,1014.2,
2022-08-23,23.5,18.0,29.4,0.0,,344.0,14.9,37.0,1014.8,
2022-08-24,24.2,17.5,32.1,0.0,,249.0,5.7,24.1,1014.7,
2022-08-25,25.9,19.1,33.2,0.0,,180.0,10.4,31.0,1013.4,
2022-08-26,23.3,21.0,28.4,0.0,,332.0,14.8,39.0,1014.3,
2022-08-27,21.4,16.9,25.4,0.0,,336.0,14.5,33.3,1013.4,
2022-08-28,23.1,17.3,29.3,0.0,,340.0,7.8,33.3,1013.9,
2022-08-29,26.1,18.4,33.3,0.0,,181.0,7.6,26.0,1015.2,
2022-08-30,23.8,19.3,30.9,0.0,,230.0,10.1,28.0,1015.9,
2022-08-31,22.2,18.7,27.4,8.4,,346.0,13.4,39.0,1016.6,
2022-09-01,22.1,16.3,28.4,0.0,,339.0,5.6,25.9,1014.3,
2022-09-02,22.2,18.1,28.4,0.0,,174.0,10.2,37.0,1012.1,
2022-09-03,21.0,17.8,27.7,1.2,,170.0,8.1,46.0,1013.0,
2022-09-04,23.6,16.7,30.4,0.3,,161.0,8.8,26.0,1016.9,
2022-09-05,25.8,21.0,30.9,0.0,,169.0,18.6,55.0,1018.0,
2022-09-06,25.0,22.0,30.3,0.0,,162.0,13.6,44.0,1015.9,
2022-09-07,22.2,17.4,28.4,0.3,,180.0,9.9,42.0,1013.5,
2022-09-08,21.1,15.7,26.0,0.0,,219.0,8.3,26.0,1013.9,
2022-09-09,19.4,15.6,25.1,0.0,,189.0,8.7,37.0,1016.1,
2022-09-10,18.1,13.7,23.1,2.0,,48.0,6.4,21.0,1019.1,
2022-09-11,18.6,11.8,25.5,0.0,,343.0,6.5,28.0,1018.1,
2022-09-12,22.4,13.7,31.0,0.0,,168.0,11.0,37.0,1013.7,
2022-09-13,24.3,20.8,28.5,0.3,,162.0,24.3,70.0,1010.0,
2022-09-14,22.6,17.2,27.6,0.8,,180.0,23.3,70.0,1008.1,
2022-09-15,19.6,16.7,25.9,0.6,,146.0,8.7,41.0,1010.8,
2022-09-16,17.9,14.7,20.5,4.4,,347.0,12.2,48.2,1012.7,
2022-09-17,12.6,10.3,17.6,0.0,,351.0,21.1,52.0,1018.6,
2022-09-18,12.4,7.1,18.8,0.0,,355.0,10.1,33.0,1020.6,
2022-09-19,13.1,7.8,18.6,0.0,,340.0,15.3,44.0,1020.1,
2022-09-20,13.1,7.3,19.7,0.0,,346.0,13.1,41.0,1021.5,
2022-09-21,13.3,7.5,19.4,0.0,,339.0,8.5,27.8,1021.5,
2022-09-22,14.5,7.7,21.4,0.0,,173.0,6.4,25.9,1020.3,
2022-09-23,16.8,10.4,22.5,0.0,,171.0,19.5,50.0,1017.3,
2022-09-24,16.7,13.3,22.1,15.7,,135.0,7.7,33.3,1013.4,
2022-09-25,14.0,11.9,17.2,20.3,,328.0,8.2,24.0,1013.9,
2022-09-26,14.8,11.8,18.3,2.8,,297.0,7.8,22.2,1011.3,
2022-09-27,13.4,10.7,16.3,3.6,,240.0,10.5,33.0,1008.6,
2022-09-28,14.2,11.2,19.2,4.3,,190.0,15.9,48.0,1003.1,
2022-09-29,12.2,9.3,15.7,24.4,,321.0,6.9,18.5,1003.2,
2022-09-30,10.2,7.0,14.6,0.0,,346.0,9.9,40.8,1011.7,
2022-10-01,12.4,8.7,16.3,0.3,,154.0,12.8,31.0,1020.3,
2022-10-02,17.9,14.2,23.5,2.3,,82.0,9.7,26.0,1024.2,
2022-10-03,15.8,14.0,18.9,0.3,,331.0,15.5,35.0,1024.0,
2022-10-04,14.6,9.8,20.0,0.0,,13.0,5.6,21.0,1022.2,
2022-10-05,17.0,10.1,24.0,0.0,,168.0,15.4,57.0,1023.6,
2022-10-06,16.5,12.7,21.5,0.0,,352.0,12.1,33.0,1028.6,
2022-10-07,16.8,12.9,23.0,0.0,,150.0,8.0,30.0,1024.4,
2022-10-08,15.7,12.9,19.4,0.5,,321.0,11.6,33.0,1021.5,
2022-10-09,13.5,8.4,19.3,0.0,,45.0,7.2,24.0,1019.6,
2022-10-10,18.1,12.3,23.3,0.0,,162.0,11.3,33.0,1018.4,
2022-10-11,15.3,11.9,20.0,0.0,,283.0,6.7,21.0,1021.5,
2022-10-12,15.1,12.9,18.9,0.2,,357.0,6.6,24.0,1022.3,
2022-10-13,14.2,10.0,19.0,4.2,,137.0,5.0,21.0,1021.5,
2022-10-14,16.4,14.0,19.0,1.0,,160.0,8.9,24.1,1018.2,
2022-10-15,18.9,14.0,25.0,0.0,,167.0,14.3,42.0,1014.9,
2022-10-16,20.7,17.0,24.1,0.0,,160.0,23.8,65.0,1017.7,
2022-10-17,21.4,18.2,25.1,0.0,,169.0,18.6,61.0,1024.1,
2022-10-18,19.6,15.0,25.2,0.0,,148.0,13.3,35.0,1026.2,
2022-10-19,17.9,11.6,23.6,0.0,,149.0,13.3,33.0,1020.7,
2022-10-20,19.4,17.8,21.3,1.5,,159.0,20.9,74.0,1015.6,
2022-10-21,18.1,16.6,21.0,2.5,,154.0,17.3,52.0,1012.7,
2022-10-22,18.1,13.9,23.5,0.5,,144.0,10.6,28.0,1016.0,
2022-10-23,20.8,16.8,24.0,0.0,,169.0,33.1,91.0,1013.5,
2022-10-24,19.2,15.6,22.4,0.0,,174.0,19.7,55.5,1015.2,
2022-10-25,16.5,11.8,20.5,0.8,,140.0,12.7,52.0,1018.0,
2022-10-26,19.9,16.0,24.8,0.3,,135.0,9.1,35.2,1019.5,
2022-10-27,19.8,15.7,25.0,0.0,,145.0,17.4,39.0,1023.8,
2022-10-28,20.9,17.4,25.5,0.0,,136.0,16.3,39.0,1024.5,
2022-10-29,19.6,14.9,25.5,0.0,,141.0,14.3,38.9,1022.7,
2022-10-30,18.8,15.4,24.4,0.0,,136.0,17.0,33.0,1020.4,
2022-10-31,18.6,14.5,22.4,0.0,,155.0,20.2,67.0,1018.7,
